{"rotation": [[-0.38989557031672256, -0.9208572920151853, -0.0018314501511696572], [0.9208517060698687, -0.38989966134686543, 0.0032163759521194237], [-0.0036759515538657686, -0.0004324429387342237, 0.9999933583139726]], "translation": [[38.99496112613564], [-19.864747897299782], [0.09828526396206916]]}