{"rotation": [[-0.3712104534406269, -0.9285477003600604, -0.001592028587551008], [0.9285406870098281, -0.37121386729029704, 0.003593524109161443], [-0.003927788632602723, -0.00014430841361966277, 0.999992483965601]], "translation": [[38.79705445792054], [-20.653825234840255], [0.10312632274017136]]}