{"rotation": [[-0.933055693851632, -0.35972991825974476, -0.0014099640522455127], [0.35970649270565375, -0.9330280125539956, 0.00840291644769612], [-0.004338362397604295, 0.007333215473247989, 0.9999639088257156]], "translation": [[32.11190639012094], [11.055402116020698], [-0.17853492273898597]]}