{"rotation": [[-0.9396477406911217, -0.34214048977470796, -0.0015172293124946382], [0.3421168694579962, -0.939620204205403, 0.008386227086876015], [-0.004294933448617373, 0.007361029227855288, 0.9999638919318918]], "translation": [[31.384123915388862], [11.646182706286602], [-0.18053196728262297]]}