{"rotation": [[-0.9957032753460603, -0.09257663742151451, 0.0021694225792062544], [0.09259762471631432, -0.9956114540093276, 0.01355781886632875], [0.0009047167576709481, 0.013700446604840774, 0.9999059431320813]], "translation": [[10.662533780370529], [17.496823221837033], [-0.4972850256521756]]}