{"rotation": [[-0.9962313261255137, -0.08671970062002338, 0.0016474101503874527], [0.08673414758978462, -0.99613757378217, 0.013680165433193454], [0.000454659120769994, 0.013771495598972994, 0.9999052730470114]], "translation": [[9.731791886479119], [17.539006908476267], [-0.502948999795779]]}